model_variant,phase,pdr,avg_latency_ms,qos_satisfaction,joint_optimization_rate
1. Full I-MACSI,Normal,0.9133333333333334,149.69542412457335,0.4033333333333333,9.013333333333334
1. Full I-MACSI,Failure,0.7999999999999999,135.41672849097742,0.32,26.7
2. No Semantic Intent,Normal,0.85,66.9264065641385,0.85,8.786666666666667
2. No Semantic Intent,Failure,0.8133333333333334,79.69054394833444,0.8133333333333334,27.073333333333334
3. No Consensus Learning,Normal,0.9166666666666666,162.02360825267718,0.33,9.573333333333334
3. No Consensus Learning,Failure,0.7666666666666666,129.226747789185,0.3133333333333333,27.42
4. No Adaptive Reward,Normal,0.9866666666666667,85.17586553038761,0.6466666666666666,7.023333333333333
4. No Adaptive Reward,Failure,0.9933333333333333,42.06585814119338,0.7733333333333334,20.286666666666665
5. No Cooperative Swarm,Normal,0.9,160.59664241240546,0.35000000000000003,9.346666666666666
5. No Cooperative Swarm,Failure,0.86,124.1856235076675,0.32666666666666666,28.126666666666665
