total_packets,successful_packets,failed_packets,total_latency_ms,total_hops,total_throughput_kbps,qos_met_packets,routing_overhead,mission_completion_ratio,intent_prediction_accuracy,adaptive_resource_allocation_efficiency,avg_latency_ms,avg_hops,pdr,packet_loss_rate,avg_throughput_kbps,qos_satisfaction,traffic_load,intent
10,8,2,365.986801078399,52,9147.714336621439,6,82,0.48,1.0,0.20185765193344987,45.74835013479988,6.5,0.8,0.19999999999999996,1143.4642920776798,0.6,10,Low Latency Stream
50,39,11,2368.506549697084,348,63183.663157165436,13,513,0.2028,1.0,0.18978546806289412,60.73093717172011,8.923076923076923,0.78,0.21999999999999997,1620.093927106806,0.26,50,Low Latency Stream
100,83,17,5447.924339301227,804,81819.91668200551,27,1059,0.2241,1.0,0.11841382986589256,65.63764264218345,9.686746987951807,0.83,0.17000000000000004,985.7821286988616,0.27,100,Low Latency Stream
200,169,31,11945.958758147855,1741,164683.09483888638,42,2206,0.17745,1.0,0.09330088174609721,70.6861464979163,10.301775147928995,0.845,0.15500000000000003,974.4561824786176,0.21,200,Low Latency Stream
10,7,3,3360.876300275037,59,6846.527552437094,1,104,0.06999999999999999,1.0,0.20650811347858825,480.1251857535767,8.428571428571429,0.7,0.30000000000000004,978.0753646338705,0.1,10,Earth Observation
50,44,6,22535.611175672115,395,59597.67662544235,6,485,0.1056,1.0,0.13682653420189977,512.1729812652753,8.977272727272727,0.88,0.12,1354.4926505782353,0.12,50,Earth Observation
100,86,14,48759.36035698638,853,110399.61748301679,8,1063,0.0688,1.0,0.09770400481075778,566.9693064765858,9.918604651162791,0.86,0.14,1283.7164823606604,0.08,100,Earth Observation
200,170,30,91353.34497076867,1597,219876.89284321925,18,2047,0.0765,1.0,0.1298773164538875,537.3726174751098,9.394117647058824,0.85,0.15000000000000002,1293.3934873130545,0.09,200,Earth Observation
10,9,1,463.9400517959368,67,20320.509967387596,5,82,0.45,1.0,0.22777620206922145,51.54889464399298,7.444444444444445,0.9,0.09999999999999998,2257.834440820844,0.5,10,Secure/Resilient Mission
50,42,8,2240.695858317889,313,58256.32435405639,19,433,0.3192,1.0,0.2257513309886699,53.34990138852116,7.4523809523809526,0.84,0.16000000000000003,1387.0553417632475,0.38,50,Secure/Resilient Mission
100,93,7,4988.961269663413,676,144291.60611437124,46,781,0.4278,1.0,0.21382821071470481,53.644744835090464,7.268817204301075,0.93,0.06999999999999995,1551.5226463910885,0.46,100,Secure/Resilient Mission
200,182,18,11493.968345158011,1509,203559.75324435032,65,1779,0.29575,1.0,0.1535081260562049,63.153672226142916,8.291208791208792,0.91,0.08999999999999997,1118.4601826612654,0.325,200,Secure/Resilient Mission
