total_packets,successful_packets,failed_packets,total_latency_ms,total_hops,total_throughput_kbps,qos_met_packets,routing_overhead,mission_completion_ratio,intent_prediction_accuracy,adaptive_resource_allocation_efficiency,avg_latency_ms,avg_hops,pdr,packet_loss_rate,avg_throughput_kbps,qos_satisfaction,episode,packets_processed
10,10,0,594.1581973773588,81,164507.61251320533,10,81,1.0,1.0,0.8035151448656463,59.41581973773587,8.1,1.0,0.0,16450.76125132053,1.0,0,10
10,10,0,641.8509114222173,87,111896.26544523818,5,87,0.5,1.0,0.4432766375226838,64.18509114222174,8.7,1.0,0.0,11189.626544523819,0.5,1,20
10,9,1,522.1227576966643,73,290490.79332720226,6,88,0.54,1.0,0.5199966555565108,58.01363974407381,8.11111111111111,0.9,0.09999999999999998,32276.754814133586,0.6,2,30
10,9,1,667.7691855327856,94,78371.43575758819,3,109,0.27,1.0,0.303193445721887,74.19657617030951,10.444444444444445,0.9,0.09999999999999998,8707.937306398688,0.3,3,40
10,10,0,566.7186188896544,79,221291.48688539193,8,79,0.8,1.0,0.6504128058045782,56.67186188896544,7.9,1.0,0.0,22129.148688539193,0.8,4,50
10,10,0,540.5515171306118,75,704501.5767981666,9,75,0.9,1.0,0.807457385710908,54.055151713061186,7.5,1.0,0.0,70450.15767981666,0.9,5,60
10,10,0,591.5379642529604,82,44451.50359859628,6,82,0.6,1.0,0.4378982913200211,59.153796425296036,8.2,1.0,0.0,4445.150359859628,0.6,6,70
10,8,2,422.2044489640376,62,312497.9623336414,7,92,0.5599999999999999,1.0,0.7332795710983259,52.7755561205047,7.75,0.8,0.19999999999999996,39062.24529170518,0.7,7,80
10,10,0,515.0515908319995,75,145895.12243324533,8,75,0.8,1.0,0.5856030032401625,51.505159083199956,7.5,1.0,0.0,14589.512243324532,0.8,8,90
10,10,0,467.36394756629,62,1497500.9210341366,8,62,0.8,1.0,0.6423729038567044,46.736394756629,6.2,1.0,0.0,149750.09210341366,0.8,9,100
10,10,0,653.7913760559709,96,237120.58486902236,5,96,0.5,1.0,0.46928743377319415,65.3791376055971,9.6,1.0,0.0,23712.058486902235,0.5,10,110
10,10,0,611.1507971818362,86,538432.9871217225,8,86,0.8,1.0,0.7513357353064107,61.11507971818362,8.6,1.0,0.0,53843.298712172254,0.8,11,120
10,9,1,444.0245597052085,61,529173.6026150438,7,76,0.63,1.0,0.4857526526546432,49.33606218946761,6.777777777777778,0.9,0.09999999999999998,58797.066957227085,0.7,12,130
10,9,1,532.4198807621715,75,155428.30416443903,5,90,0.45,1.0,0.48812742711134466,59.15776452913016,8.333333333333334,0.9,0.09999999999999998,17269.81157382656,0.5,13,140
10,10,0,524.251245102674,74,773250.1629621526,9,74,0.9,1.0,0.7064641291509032,52.4251245102674,7.4,1.0,0.0,77325.01629621527,0.9,14,150
10,9,1,590.0712380467406,81,136984.92165675532,6,96,0.54,1.0,0.5931430542479607,65.56347089408229,9.0,0.9,0.09999999999999998,15220.546850750592,0.6,15,160
10,9,1,435.0184915792561,61,118341.14915612152,7,76,0.63,1.0,0.6208163628464168,48.335387953250674,6.777777777777778,0.9,0.09999999999999998,13149.016572902392,0.7,16,170
10,10,0,610.8197531127145,88,1687733.430374145,6,88,0.6,1.0,0.4682065819965432,61.08197531127145,8.8,1.0,0.0,168773.3430374145,0.6,17,180
10,9,1,495.82830925114666,72,123793.8159471687,7,87,0.63,1.0,0.580817088296171,55.09203436123852,8.0,0.9,0.09999999999999998,13754.8684385743,0.7,18,190
10,8,2,620.6237798214298,85,180921.13988412108,5,115,0.4,1.0,0.5510914417107335,77.57797247767873,10.625,0.8,0.19999999999999996,22615.142485515134,0.5,19,200
10,9,1,546.9070844305951,78,502414.47360251,6,93,0.54,1.0,0.35760634607235026,60.76745382562168,8.666666666666666,0.9,0.09999999999999998,55823.83040027889,0.6,20,210
10,8,2,427.6255929800785,59,103356.56736602337,4,89,0.32000000000000006,1.0,0.3422052436230131,53.453199122509815,7.375,0.8,0.19999999999999996,12919.570920752922,0.4,21,220
10,10,0,449.5000707673693,63,817582.0919414771,9,63,0.9,1.0,0.7604527031399425,44.95000707673693,6.3,1.0,0.0,81758.20919414771,0.9,22,230
10,10,0,633.1253014727761,86,495111.7263047127,7,86,0.7,1.0,0.45101149744934127,63.312530147277606,8.6,1.0,0.0,49511.17263047127,0.7,23,240
10,10,0,696.4168190628764,96,86982.88252049574,5,96,0.5,1.0,0.41717192971891137,69.64168190628763,9.6,1.0,0.0,8698.288252049573,0.5,24,250
10,10,0,846.7567047664645,118,39439.00511909932,4,118,0.4,1.0,0.28936299822252926,84.67567047664645,11.8,1.0,0.0,3943.900511909932,0.4,25,260
10,8,2,358.8256935004534,49,257324.6351850724,8,79,0.6400000000000001,1.0,0.751951490199127,44.85321168755667,6.125,0.8,0.19999999999999996,32165.57939813405,0.8,26,270
10,9,1,622.5436851528615,82,46545.88329878667,6,97,0.54,1.0,0.5659012716350945,69.17152057254016,9.11111111111111,0.9,0.09999999999999998,5171.764810976297,0.6,27,280
10,9,1,502.7469148462238,68,136604.05092674747,4,83,0.36000000000000004,1.0,0.19109480856621153,55.86076831624709,7.555555555555555,0.9,0.09999999999999998,15178.227880749719,0.4,28,290
10,10,0,617.2716127715925,85,145393.74972344245,6,85,0.6,1.0,0.3297189385691789,61.72716127715925,8.5,1.0,0.0,14539.374972344245,0.6,29,300
10,9,1,524.735143298065,73,235111.18784719816,7,88,0.63,1.0,0.6386424027891411,58.303904810896114,8.11111111111111,0.9,0.09999999999999998,26123.465316355352,0.7,30,310
10,10,0,524.9369486021917,68,852491.2695180953,7,68,0.7,1.0,0.5998995092443706,52.49369486021917,6.8,1.0,0.0,85249.12695180954,0.7,31,320
10,10,0,594.6066182425934,78,128904.06925120603,7,78,0.7,1.0,0.5319188168219329,59.46066182425934,7.8,1.0,0.0,12890.406925120604,0.7,32,330
10,9,1,493.699274857291,68,293314.99484692566,8,83,0.7200000000000001,1.0,0.6783633308630025,54.85547498414345,7.555555555555555,0.9,0.09999999999999998,32590.55498299174,0.8,33,340
10,9,1,680.0455582109931,92,198283.30939745723,7,107,0.63,1.0,0.6600739599311233,75.56061757899924,10.222222222222221,0.9,0.09999999999999998,22031.47882193969,0.7,34,350
10,9,1,515.3989710391586,71,311744.1881505185,8,86,0.7200000000000001,1.0,0.7581962266188936,57.26655233768429,7.888888888888889,0.9,0.09999999999999998,34638.24312783539,0.8,35,360
10,10,0,767.4150940302876,102,86701.44476751596,6,102,0.6,1.0,0.4782816056062854,76.74150940302876,10.2,1.0,0.0,8670.144476751597,0.6,36,370
10,8,2,353.45692063224453,49,677957.6121810444,7,79,0.5599999999999999,1.0,0.8013643450129958,44.18211507903057,6.125,0.8,0.19999999999999996,84744.70152263055,0.7,37,380
10,9,1,418.86278939803856,56,458444.8747592568,8,71,0.7200000000000001,1.0,0.7102773147574982,46.540309933115395,6.222222222222222,0.9,0.09999999999999998,50938.319417695195,0.8,38,390
10,8,2,548.3017533620366,71,37586.07003552801,4,101,0.32000000000000006,1.0,0.4322365851061188,68.53771917025458,8.875,0.8,0.19999999999999996,4698.258754441002,0.4,39,400
10,9,1,542.0435641089734,75,488899.3739836815,6,90,0.54,1.0,0.5598649285921224,60.22706267877483,8.333333333333334,0.9,0.09999999999999998,54322.1526648535,0.6,40,410
10,10,0,745.6594164633625,99,129881.25327885523,5,99,0.5,1.0,0.36246590444994886,74.56594164633626,9.9,1.0,0.0,12988.125327885524,0.5,41,420
10,8,2,514.4588131162328,69,179953.39455207164,6,99,0.48,1.0,0.5964700033538766,64.3073516395291,8.625,0.8,0.19999999999999996,22494.174319008955,0.6,42,430
10,10,0,882.4910797467609,114,10738.815278609445,4,114,0.4,1.0,0.31071213866664865,88.2491079746761,11.4,1.0,0.0,1073.8815278609445,0.4,43,440
10,10,0,757.3177895707506,103,231401.98182820948,6,103,0.6,1.0,0.5186181631909125,75.73177895707506,10.3,1.0,0.0,23140.198182820946,0.6,44,450
10,10,0,700.1860056629332,90,213785.2594501078,6,90,0.6,1.0,0.5436455184358348,70.01860056629332,9.0,1.0,0.0,21378.52594501078,0.6,45,460
10,8,2,674.1487043164179,90,27596.49485439951,3,120,0.24,1.0,0.30368576006905035,84.26858803955224,11.25,0.8,0.19999999999999996,3449.5618567999386,0.3,46,470
10,10,0,664.5824118818964,87,43922.95418524792,9,87,0.9,1.0,0.6766771723247708,66.45824118818965,8.7,1.0,0.0,4392.295418524793,0.9,47,480
10,7,3,451.7470124810336,61,238761.18692490802,3,106,0.21,1.0,0.40460325613414405,64.53528749729051,8.714285714285714,0.7,0.30000000000000004,34108.74098927258,0.3,48,490
10,9,1,629.3148164158758,84,246620.22590452406,5,99,0.45,1.0,0.4895333533393378,69.92386849065286,9.333333333333334,0.9,0.09999999999999998,27402.247322724896,0.5,49,500
