total_packets,successful_packets,failed_packets,total_latency_ms,total_hops,total_throughput_kbps,qos_met_packets,routing_overhead,mission_completion_ratio,intent_prediction_accuracy,adaptive_resource_allocation_efficiency,avg_latency_ms,avg_hops,pdr,packet_loss_rate,avg_throughput_kbps,qos_satisfaction,intent,priority
100,85,15,5885.743181751653,848,86602.00234028033,26,1073,0.221,1.0,0.12280420131485571,69.24403743237238,9.976470588235294,0.85,0.15000000000000002,1018.8470863562392,0.26,Low Latency Stream,10
100,77,23,5291.774602149143,762,94107.97253611017,20,1107,0.15400000000000003,1.0,0.11701667164762683,68.7243454824564,9.896103896103897,0.77,0.22999999999999998,1222.1814615079243,0.2,Critical Disaster Response,10
100,82,18,44542.21148802556,779,93151.78588014914,7,1049,0.0574,1.0,0.09617144502039206,543.1977010734824,9.5,0.82,0.18000000000000005,1135.9973887823066,0.07,Earth Observation,5
100,97,3,5719.9446544556595,766,137692.5813574438,38,811,0.3686,1.0,0.19521184958900717,58.96850159232638,7.896907216494846,0.97,0.030000000000000027,1419.5111480148844,0.38,Secure/Resilient Mission,8
100,83,17,5994.157110996256,837,662212.7244136449,83,1092,0.6889,1.0,0.8194530990663778,72.21876037344887,10.08433734939759,0.83,0.17000000000000004,7978.46655920054,0.83,Environmental Monitoring,4
100,92,8,6324.216238535973,913,1146779.7332156438,92,1033,0.8464,1.0,0.8281462978658702,68.74148085365188,9.923913043478262,0.92,0.07999999999999996,12464.997100170041,0.92,Autonomous Maritime Navigation,7
100,87,13,39113.81851505615,698,12785.378945440261,0,893,0.0,1.0,0.0,449.5841208627143,8.022988505747126,0.87,0.13,146.95837868322138,0.0,Military Reconnaissance,9
100,83,17,5869.391287585184,826,8115755.245301918,83,1081,0.6889,1.0,0.9528562948788339,70.7155576817492,9.951807228915662,0.83,0.17000000000000004,97780.18367833637,0.83,Global Internet Services,3
100,86,14,6012.56209365785,844,96741.37039825942,19,1054,0.1634,1.0,0.12394184594023067,69.91351271695174,9.813953488372093,0.86,0.14,1124.8996557937141,0.19,Remote Healthcare,9
100,81,19,5919.945470464663,828,7869700.400507694,81,1113,0.6561000000000001,1.0,0.951276168967369,73.08574654894646,10.222222222222221,0.81,0.18999999999999995,97156.79506799622,0.81,Precision Agriculture,2
100,82,18,50088.17749607722,876,93687.71323907765,7,1146,0.0574,1.0,0.08026759422322988,610.8314328789905,10.682926829268293,0.82,0.18000000000000005,1142.5330882814349,0.07,Industrial IoT,5
