total_packets,successful_packets,failed_packets,total_latency_ms,total_hops,total_throughput_kbps,qos_met_packets,routing_overhead,mission_completion_ratio,intent_prediction_accuracy,adaptive_resource_allocation_efficiency,avg_latency_ms,avg_hops,pdr,packet_loss_rate,avg_throughput_kbps,qos_satisfaction,total_satellites,computation_time_seconds,intent
50,44,6,3044.729464705386,450,44038.289976294225,11,540,0.1936,1.0,0.11887388036598043,69.19839692512241,10.227272727272727,0.88,0.12,1000.8702267339596,0.22,16,0.11827540397644043,Low Latency Stream
50,19,31,1054.5327882612187,154,47125.46389906751,7,619,0.053200000000000004,1.0,0.2629098694037783,55.501725697958875,8.105263157894736,0.38,0.62,2480.287573635132,0.14,32,0.1782073974609375,Low Latency Stream
50,7,43,573.1535874716413,82,3732.080809572567,1,727,0.0028000000000000004,1.0,0.0630198658823723,81.87908392452019,11.714285714285714,0.14,0.86,533.1544013675095,0.02,64,0.2919888496398926,Low Latency Stream
50,41,9,21702.36112217881,380,67394.26543860133,8,515,0.13119999999999998,1.0,0.1636390478135453,529.3258810287514,9.268292682926829,0.82,0.18000000000000005,1643.7625716732032,0.16,16,0.1252589225769043,Earth Observation
50,17,33,7756.794223444457,144,23294.747189356807,1,639,0.0068000000000000005,1.0,0.11544475398722358,456.2820131437916,8.470588235294118,0.34,0.6599999999999999,1370.2792464327533,0.02,32,0.15801644325256348,Earth Observation
50,5,45,2231.9527798309236,48,8115.902119633971,1,723,0.002,1.0,0.2429418077419549,446.3905559661847,9.6,0.1,0.9,1623.1804239267942,0.02,64,0.40230441093444824,Earth Observation
50,47,3,2961.9892877353086,403,98512.05036118363,18,448,0.3384,1.0,0.24603119087824468,63.02104867521933,8.574468085106384,0.94,0.06000000000000005,2096.0010715145454,0.36,16,0.1226663589477539,Secure/Resilient Mission
50,20,30,1185.785199599438,167,30258.62609127997,6,617,0.048,1.0,0.17024103963330556,59.2892599799719,8.35,0.4,0.6,1512.9313045639985,0.12,32,0.5360527038574219,Secure/Resilient Mission
50,11,39,557.3657950529105,74,20138.745261353764,5,659,0.022000000000000002,1.0,0.30060421466083354,50.66961773208277,6.7272727272727275,0.22,0.78,1830.7950237594332,0.1,64,0.3483235836029053,Secure/Resilient Mission
