average_latency_ms,throughput_bps,packet_delivery_ratio,routing_stability,spectral_efficiency,energy_consumption_j,energy_per_bit_j,computational_overhead,fairness_index,bandwidth_utilization,mission_completion_ratio,mission_satisfaction_index,intent_prediction_accuracy,resource_allocation_efficiency,mission_priority_preservation,service_continuity,dynamic_resilience,swarm_coordination_efficiency,learning_convergence_speed,computational_complexity,intent_dissemination_overhead,resource_reorganization_rate,encryption_events,gateway_selections,joint_optimization_rate,bandwidth_allocation_events,beam_steering_events,compute_placement_events,constellation_size,traffic_load,processing_time_ms
50.924324342364095,425513266.18672657,94.0,100.0,0.02659457913667041,10.442863195812432,2.4541804041498025e-07,0.0,0.20160766365503632,132.97289568335205,94.0,0.5865723368683621,74.0,58.65723368683621,95.34883720930233,48.45360824742268,0,94.0,0,1024,20.0,7.64,89,47,8.24,337,5,23,4x4,50,30.77983856201172
57.631764761608906,961303683.1862352,98.0,100.0,0.0600814801991397,22.08357003368973,2.297252202393927e-07,0.0,0.13829397625121795,300.4074009956984,98.0,0.5813325483645513,68.0,58.13325483645514,97.59036144578313,49.494949494949495,0,98.0,0,1024,20.0,8.22,211,98,9.51,792,8,53,4x4,100,264.5225524902344
55.39671423675694,2117894223.1947677,94.0,100.0,0.13236838894967298,42.08091078621817,1.9869222138365634e-07,0.0,0.08980483012609866,661.8419447483645,94.0,0.6094084761000027,72.0,60.94084761000032,94.9367088607595,48.45360824742268,0,94.0,0,1024,20.0,8.24,431,188,8.945,1468,20,113,4x4,200,837.1391296386719
63.46934625252609,252911600.70247298,57.99999999999999,100.0,0.0070253222417353605,6.588957540108007,2.6052413261419763e-07,0.0,0.06663249243191306,35.126611208676806,57.99999999999999,0.5722506295963408,46.0,57.22506295963405,60.97560975609756,36.708860759493675,0,57.99999999999999,0,5184,20.0,11.38,147,29,6.02,254,2,16,6x6,50,114.97020721435547
59.570161140609486,353175556.3385985,47.0,100.0,0.009810432120516625,10.598922772964416,3.001035202674943e-07,0.0,0.11123532810828662,49.052160602583136,47.0,0.5975157152401511,36.0,59.75157152401511,49.36708860759494,31.97278911564626,0,47.0,0,5184,20.0,11.95,277,47,4.7,400,5,18,6x6,100,644.8566913604736
59.95375049381655,998770440.7753202,43.0,100.0,0.027743623354870003,19.640790564805645,1.966496980983838e-07,0.0,0.12111233015141155,138.71811677435005,43.0,0.5631193167741322,30.5,56.31193167741323,40.853658536585364,30.069930069930066,0,43.0,0,5184,20.0,12.165,620,86,4.35,723,10,51,6x6,200,1526.703119277954
49.23245079270528,47736049.027717434,14.000000000000002,100.0,0.0007458757660580849,1.50523147909743,3.1532385058165015e-07,0.0,0.18268785586312067,3.729378830290426,14.000000000000002,0.6411538166290759,12.0,64.1153816629076,13.636363636363635,12.280701754385964,0,14.000000000000002,0,16384,20.0,13.84,162,7,1.18,47,2,3,8x8,50,42.308807373046875
53.93229309972223,62865884.313578166,14.000000000000002,100.0,0.0009822794423996588,3.1327061345802685,4.983157667764879e-07,0.0,0.28134367428451146,4.911397211998293,14.000000000000002,0.6446435230644999,11.0,64.46435230645,14.942528735632186,12.280701754385964,0,14.000000000000002,0,16384,20.0,13.96,338,14,1.3,106,3,7,8x8,100,599.3611812591553
62.54685044507218,747613876.159935,27.0,100.0,0.011681466814998985,11.976350246685621,1.6019432796246753e-07,0.0,0.13463646915926766,58.40733407499491,27.0,0.6122052047284405,20.5,61.22052047284405,26.582278481012654,21.25984251968504,0,27.0,0,16384,20.0,13.22,601,54,2.74,454,5,35,8x8,200,2743.2961463928223
